<?xml version="1.0" encoding="UTF-8"?>
<archive xmlns="http://rs.tdwg.org/dwc/text/" xmlns:xsi="http://www.w3.org/2001/XMLSchema-instance" xmlns:xs="http://www.w3.org/2001/XMLSchema" xsi:schemaLocation="http://rs.tdwg.org/dwc/text/ http://rs.tdwg.org/dwc/text/tdwg_dwc_text.xsd">
  <core encoding="UTF-8" fieldsTerminatedBy="," linesTerminatedBy="\n" fieldsEnclosedBy="" ignoreHeaderLines="1" rowType="http://rs.tdwg.org/dwc/terms/Occurrence">
    <files>
      <location>core.csv</location>
    </files>
    <id index="0"/>
    <field index="0" term="http://rs.tdwg.org/dwc/terms/occurrenceID"/>
    <field index="1" term="http://rs.tdwg.org/dwc/terms/eventDate"/>
    <field index="2" term="http://rs.tdwg.org/dwc/terms/kingdom"/>
    <field index="3" term="http://rs.tdwg.org/dwc/terms/phylum"/>
    <field index="4" term="http://rs.tdwg.org/dwc/terms/class"/>
    <field index="5" term="http://rs.tdwg.org/dwc/terms/order"/>
    <field index="6" term="http://rs.tdwg.org/dwc/terms/family"/>
    <field index="7" term="http://rs.tdwg.org/dwc/terms/genus"/>
    <field index="8" term="http://rs.tdwg.org/dwc/terms/scientificName"/>
    <field index="9" term="http://rs.tdwg.org/dwc/terms/specificEpithet"/>
    <field index="10" term="http://rs.tdwg.org/dwc/terms/continent"/>
    <field index="11" term="http://rs.tdwg.org/dwc/terms/country"/>
    <field index="12" term="http://rs.tdwg.org/dwc/terms/verbatimLocality"/>
    <field index="13" term="http://rs.tdwg.org/dwc/terms/stateProvince"/>
    <field index="14" term="http://rs.tdwg.org/dwc/terms/decimalLongitude"/>
    <field index="15" term="http://rs.tdwg.org/dwc/terms/decimalLatitude"/>
    <field index="16" term="http://rs.tdwg.org/dwc/terms/county"/>
    <field index="17" term="http://rs.tdwg.org/dwc/terms/municipality"/>
    <field index="18" term="http://rs.tdwg.org/dwc/terms/countryCode"/>
    <field index="19" term="http://rs.tdwg.org/dwc/terms/catalogNumber"/>
    <field index="20" term="http://rs.tdwg.org/dwc/terms/basisOfRecord"/>
    <field index="21" term="http://rs.tdwg.org/dwc/terms/datasetID"/>
    <field index="22" term="http://rs.tdwg.org/dwc/terms/datasetName"/>
  </core>
  <extension encoding="UTF-8" fieldsTerminatedBy="," ignoreHeaderLines="1" rowType="http://rs.tdwg.org/dwc/terms/MaterialSample">
    <files>
      <location>material_sample.csv</location>
    </files>
    <coreid index="0"/>
    <field index="0" term="http://rs.tdwg.org/dwc/terms/occurrenceID"/>
    <field index="1" term="http://data.ggbn.org/schemas/ggbn/terms/materialSampleType"/>
  </extension>
  <extension encoding="UTF-8" fieldsTerminatedBy="," ignoreHeaderLines="1" rowType="http://rs.tdwg.org/dwc/terms/MeasurementOrFact">
    <files>
      <location>preservation.csv</location>
    </files>
    <coreid index="0"/>
    <field index="0" term="http://rs.tdwg.org/dwc/terms/occurrenceID"/>
    <field index="1" term="http://data.ggbn.org/schemas/ggbn/terms/preservationDateBegin"/>
    <field index="2" term="http://data.ggbn.org/schemas/ggbn/terms/preservationTemperature"/>
  </extension>
  <extension encoding="UTF-8" fieldsTerminatedBy="," ignoreHeaderLines="1" rowType="http://rs.tdwg.org/dwc/terms/Event">
    <files>
      <location>releve.csv</location>
    </files>
    <coreid index="0"/>
    <field index="0" term="http://rs.tdwg.org/dwc/terms/occurrenceID"/>
    <field index="1" term="http://rs.gbif.org/terms/1.0/aspect"/>
    <field index="2" term="http://rs.gbif.org/terms/1.0/coverAlgaeInPercentage"/>
    <field index="3" term="http://rs.gbif.org/terms/1.0/coverCryptogamsInPercentage"/>
    <field index="4" term="http://rs.gbif.org/terms/1.0/coverHerbsInPercentage"/>
    <field index="5" term="http://rs.gbif.org/terms/1.0/coverLichensInPercentage"/>
    <field index="6" term="http://rs.gbif.org/terms/1.0/coverLitterInPercentage"/>
    <field index="7" term="http://rs.gbif.org/terms/1.0/coverMossesInPercentage"/>
    <field index="8" term="http://rs.gbif.org/terms/1.0/coverRockInPercentage"/>
    <field index="9" term="http://rs.gbif.org/terms/1.0/coverShrubsInPercentage"/>
    <field index="10" term="http://rs.gbif.org/terms/1.0/coverTotalInPercentage"/>
    <field index="11" term="http://rs.gbif.org/terms/1.0/coverTreesInPercentage"/>
    <field index="12" term="http://rs.gbif.org/terms/1.0/coverWaterInPercentage"/>
    <field index="13" term="http://rs.gbif.org/terms/1.0/herbLayerHeightInCentimeters"/>
    <field index="14" term="http://rs.gbif.org/terms/1.0/inclinationInDegrees"/>
    <field index="15" term="http://rs.gbif.org/terms/1.0/lichensIdentified"/>
    <field index="16" term="http://rs.gbif.org/terms/1.0/mossesIdentified"/>
    <field index="17" term="http://rs.gbif.org/terms/1.0/project"/>
    <field index="18" term="http://rs.gbif.org/terms/1.0/syntaxonName"/>
    <field index="19" term="http://rs.gbif.org/terms/1.0/treeLayerHeightInMeters"/>
    <field index="20" term="http://rs.gbif.org/terms/1.0/shrubLayerHeightInMeters"/>
  </extension>
</archive>