occurrenceID,eventID,parentEventID,fieldNumber,eventDate,eventTime,endDayOfYear,day,month,year,verbatimEventDate,habitat,fieldNotes,eventRemarks,samplingProtocol,sampleSizeValue,sampleSizeUnit,samplingEffort,startDayOfYear,dateIdentified,identifiedBy,typeStatus,evidenceType,identificationQualifier,identificationReferences,identificationRemarks,identificationVerificationStatus,identifiedByID,previousIdentifications,verbatimIdentification,taxonID,identifier,scientificNameID,parentNameUsageID,parentNameUsage,originalNameUsageID,originalNameUsage,nameAccordingToID,nameAccordingTo,namePublishedInID,namePublishedIn,namePublishedInYear,higherClassification,taxonConceptID,kingdom,phylum,superfamily,class,order,family,subfamily,genus,subgenus,tribe,subTribe,scientificName,genericName,scientificNameAuthorship,infragenericEpithet,infraspecificEpithet,specificEpithet,cultivarEpithet,acceptedNameUsage,acceptedNameUsageID,taxonRank,verbatimTaxonRank,vernacularName,nomenclaturalCode,taxonomicStatus,nomenclaturalStatus,taxonRemarks,locationID,higherGeographyID,waterBody,higherGeography,continent,islandGroup,island,country,locality,verbatimLocality,stateProvince,decimalLongitude,decimalLatitude,county,municipality,countryCode,minimumElevationInMeters,maximumElevationInMeters,verbatimElevation,verticalDatum,minimumDepthInMeters,maximumDepthInMeters,verbatimDepth,minimumDistanceAboveSurfaceInMeters,maximumDistanceAboveSurfaceInMeters,locationAccordingTo,locationRemarks,geodeticDatum,coordinateUncertaintyInMeters,coordinatePrecision,pointRadiusSpatialFit,verbatimCoordinates,verbatimLatitude,verbatimLongitude,verbatimCoordinateSystem,verbatimSRS,footprintWKT,footprintSRS,footprintSpatialFit,georeferencedBy,georeferencedDate,georeferenceProtocol,georeferenceSources,georeferenceRemarks,georeferenceVerificationStatus,materialEntityID,anatomicalDescription,verbatimLabel,preparations,materialEntityRemarks,recordNumber,recordedBy,recordedByID,organismQuantity,organismQuantityType,lifeStage,reproductiveCondition,behavior,occurrenceStatus,associatedMedia,otherCatalogNumbers,references,catalogNumber,organismQuantityMethod,materialSampleID,geologicalContextID,bed,earliestAgeOrLowestStage,earliestEonOrLowestEonothem,earliestEpochOrLowestSeries,earliestEraOrLowestErathem,earliestPeriodOrLowestSystem,latestEonOrHighestEonothem,latestEraOrHighestErathem,latestPeriodOrHighestSystem,latestEpochOrHighestSeries,latestAgeOrHighestStage,lowestBiostratigraphicZone,highestBiostratigraphicZone,lithostratigraphicTerms,formation,group,member,sex,establishmentMeans,degreeOfEstablishment,pathway,organismID,organismName,organismScope,organismRemarks,storageName,accessRights,basisOfRecord,bibliographicCitation,collectionCode,collectionID,dataGeneralizations,datasetID,datasetName,informationWithheld,institutionCode,institutionID,license,ownerInstitutionCode,rightsHolder,type
MHNG-MAM-8.0x4asd,,,,2024-05-07,,,,,,,,,,,,,,,,,,,,,,,,,,2492483,,,,,,,,,,,,,,Animalia,Chordata,,Aves,Passeriformes,Muscicapidae,,Oenanthe,,,,"Oenanthe Vieillot, 1816",,,,,,,,,,,,,,,ex.- variegatus; attention: aucun Bradypus n’a jamais été signalé d’Argentine,,,,,South America,,,Brazil,Amérique du Sud,,Mato Grosso,-59.0,-13.0,,Campos de Júlio,br,,,,,,,,,,,,,,,,,,,,,,,,,,,,,,,,,,,,,,,,,,,,,,,MHNG-MAM-8.0x4asd,,,,,,,,,,,,,,,,,,,,,F.,,,,,,,,,,PreservedSpecimen,,,,,https://doi.org/10.21373/g4fcm5,,,Bla2,,,,,
MHNG-MAM-8.0x42,,,,2024-05-07,,,,,,,,,,,,,,,,,,,,,,,,,,2492483,,,,,,,,,,,,,,Animalia,Chordata,,Aves,Passeriformes,Muscicapidae,,Oenanthe,,,,"Oenanthe Vieillot, 1816",,,,,,,,,,,,,,,ex.- variegatus; attention: aucun Bradypus n’a jamais été signalé d’Argentine,,,,,South America,,,Brazil,Amérique du Sud,,Mato Grosso,-59.0,-13.0,,Campos de Júlio,br,,,,,,,,,,,,,,,,,,,,,,,,,,,,,,,,,,,,,,,,,,,,,,,MHNG-MAM-8.0x42,,,,,,,,,,,,,,,,,,,,,F.,,,,,,,,,,PreservedSpecimen,,,,,https://doi.org/10.21373/g4fcm5,,,Bla1,,,,,
MHNG-MAM-12.0x4asd,,,,2024-05-07,,,,,,,,,,,,,,,,,,,,,,,,,,2492483,,,,,,,,,,,,,,Animalia,Chordata,,Aves,Passeriformes,Muscicapidae,,Oenanthe,,,,"Oenanthe Vieillot, 1816",,,,,,,,,,,,,,,ex.- variegatus; attention: aucun Bradypus n’a jamais été signalé d’Argentine,,,,,South America,,,Brazil,Amérique du Sud,,Mato Grosso,-59.0,-13.0,,Campos de Júlio,br,,,,,,,,,,,,,,,,,,,,,,,,,,,,,,,,,,,,,,,,,,,,,,,MHNG-MAM-12.0x4asd,,,,,,,,,,,,,,,,,,,,,F.,,,,,,,,,,PreservedSpecimen,,,,,https://doi.org/10.21373/g4fcm5,,,Bla2,,,,,
MHNG-MAM-14.0x42,,,,2024-05-07,,,,,,,,,,,,,,,,,,,,,,,,,,2492483,,,,,,,,,,,,,,Animalia,Chordata,,Aves,Passeriformes,Muscicapidae,,Oenanthe,,,,"Oenanthe Vieillot, 1816",,,,,,,,,,,,,,,ex.- variegatus; attention: aucun Bradypus n’a jamais été signalé d’Argentine,,,,,South America,,,Brazil,Amérique du Sud,,Mato Grosso,-59.0,-13.0,,Campos de Júlio,br,,,,,,,,,,,,,,,,,,,,,,,,,,,,,,,,,,,,,,,,,,,,,,,MHNG-MAM-14.0x42,,,,,,,,,,,,,,,,,,,,,F.,,,,,,,,,,PreservedSpecimen,,,,,https://doi.org/10.21373/g4fcm5,,,Bla1,,,,,
MHNG-MAM-11.0x42,,,,2024-05-07,,,,,,,,,,,,,,,,,,,,,,,,,,2492483,,,,,,,,,,,,,,Animalia,Chordata,,Aves,Passeriformes,Muscicapidae,,Oenanthe,,,,"Oenanthe Vieillot, 1816",,,,,,,,,,,,,,,ex.- variegatus; attention: aucun Bradypus n’a jamais été signalé d’Argentine,,,,,South America,,,Brazil,Amérique du Sud,,Mato Grosso,-59.0,-13.0,,Campos de Júlio,br,,,,,,,,,,,,,,,,,,,,,,,,,,,,,,,,,,,,,,,,,,,,,,,MHNG-MAM-11.0x42,,,,,,,,,,,,,,,,,,,,,F.,,,,,,,,,,PreservedSpecimen,,,,,https://doi.org/10.21373/g4fcm5,,,Bla1,,,,,
MHNG-MAM-12.0x42,,,,2024-05-07,,,,,,,,,,,,,,,,,,,,,,,,,,2492483,,,,,,,,,,,,,,Animalia,Chordata,,Aves,Passeriformes,Muscicapidae,,Oenanthe,,,,"Oenanthe Vieillot, 1816",,,,,,,,,,,,,,,ex.- variegatus; attention: aucun Bradypus n’a jamais été signalé d’Argentine,,,,,South America,,,Brazil,Amérique du Sud,,Mato Grosso,-59.0,-13.0,,Campos de Júlio,br,,,,,,,,,,,,,,,,,,,,,,,,,,,,,,,,,,,,,,,,,,,,,,,MHNG-MAM-12.0x42,,,,,,,,,,,,,,,,,,,,,F.,,,,,,,,,,PreservedSpecimen,,,,,https://doi.org/10.21373/g4fcm5,,,Bla1,,,,,
MHNG-MAM-13.0x42,,,,2024-05-07,,,,,,,,,,,,,,,,,,,,,,,,,,2492483,,,,,,,,,,,,,,Animalia,Chordata,,Aves,Passeriformes,Muscicapidae,,Oenanthe,,,,"Oenanthe Vieillot, 1816",,,,,,,,,,,,,,,ex.- variegatus; attention: aucun Bradypus n’a jamais été signalé d’Argentine,,,,,South America,,,Brazil,Amérique du Sud,,Mato Grosso,-59.0,-13.0,,Campos de Júlio,br,,,,,,,,,,,,,,,,,,,,,,,,,,,,,,,,,,,,,,,,,,,,,,,MHNG-MAM-13.0x42,,,,,,,,,,,,,,,,,,,,,F.,,,,,,,,,,PreservedSpecimen,,,,,https://doi.org/10.21373/g4fcm5,,,Bla1,,,,,
MHNG-MAM-11.0x4asd,,,,2024-05-07,,,,,,,,,,,,,,,,,,,,,,,,,,2492483,,,,,,,,,,,,,,Animalia,Chordata,,Aves,Passeriformes,Muscicapidae,,Oenanthe,,,,"Oenanthe Vieillot, 1816",,,,,,,,,,,,,,,ex.- variegatus; attention: aucun Bradypus n’a jamais été signalé d’Argentine,,,,,South America,,,Brazil,Amérique du Sud,,Mato Grosso,-59.0,-13.0,,Campos de Júlio,br,,,,,,,,,,,,,,,,,,,,,,,,,,,,,,,,,,,,,,,,,,,,,,,MHNG-MAM-11.0x4asd,,,,,,,,,,,,,,,,,,,,,F.,,,,,,,,,,PreservedSpecimen,,,,,https://doi.org/10.21373/g4fcm5,,,Bla2,,,,,
MHNG-MAM-10.0x4asd,,,,2024-05-07,,,,,,,,,,,,,,,,,,,,,,,,,,2492483,,,,,,,,,,,,,,Animalia,Chordata,,Aves,Passeriformes,Muscicapidae,,Oenanthe,,,,"Oenanthe Vieillot, 1816",,,,,,,,,,,,,,,ex.- variegatus; attention: aucun Bradypus n’a jamais été signalé d’Argentine,,,,,South America,,,Brazil,Amérique du Sud,,Mato Grosso,-59.0,-13.0,,Campos de Júlio,br,,,,,,,,,,,,,,,,,,,,,,,,,,,,,,,,,,,,,,,,,,,,,,,MHNG-MAM-10.0x4asd,,,,,,,,,,,,,,,,,,,,,F.,,,,,,,,,,PreservedSpecimen,,,,,https://doi.org/10.21373/g4fcm5,,,Bla2,,,,,
MHNG-MAM-9.0x4asd,,,,2024-05-07,,,,,,,,,,,,,,,,,,,,,,,,,,2492483,,,,,,,,,,,,,,Animalia,Chordata,,Aves,Passeriformes,Muscicapidae,,Oenanthe,,,,"Oenanthe Vieillot, 1816",,,,,,,,,,,,,,,ex.- variegatus; attention: aucun Bradypus n’a jamais été signalé d’Argentine,,,,,South America,,,Brazil,Amérique du Sud,,Mato Grosso,-59.0,-13.0,,Campos de Júlio,br,,,,,,,,,,,,,,,,,,,,,,,,,,,,,,,,,,,,,,,,,,,,,,,MHNG-MAM-9.0x4asd,,,,,,,,,,,,,,,,,,,,,F.,,,,,,,,,,PreservedSpecimen,,,,,https://doi.org/10.21373/g4fcm5,,,Bla2,,,,,
MHNG-MAM-13.0x4asd,,,,2024-05-07,,,,,,,,,,,,,,,,,,,,,,,,,,2492483,,,,,,,,,,,,,,Animalia,Chordata,,Aves,Passeriformes,Muscicapidae,,Oenanthe,,,,"Oenanthe Vieillot, 1816",,,,,,,,,,,,,,,ex.- variegatus; attention: aucun Bradypus n’a jamais été signalé d’Argentine,,,,,South America,,,Brazil,Amérique du Sud,,Mato Grosso,-59.0,-13.0,,Campos de Júlio,br,,,,,,,,,,,,,,,,,,,,,,,,,,,,,,,,,,,,,,,,,,,,,,,MHNG-MAM-13.0x4asd,,,,,,,,,,,,,,,,,,,,,F.,,,,,,,,,,PreservedSpecimen,,,,,https://doi.org/10.21373/g4fcm5,,,Bla2,,,,,
MHNG-MAM-9.0x42,,,,2024-05-07,,,,,,,,,,,,,,,,,,,,,,,,,,2492483,,,,,,,,,,,,,,Animalia,Chordata,,Aves,Passeriformes,Muscicapidae,,Oenanthe,,,,"Oenanthe Vieillot, 1816",,,,,,,,,,,,,,,ex.- variegatus; attention: aucun Bradypus n’a jamais été signalé d’Argentine,,,,,South America,,,Brazil,Amérique du Sud,,Mato Grosso,-59.0,-13.0,,Campos de Júlio,br,,,,,,,,,,,,,,,,,,,,,,,,,,,,,,,,,,,,,,,,,,,,,,,MHNG-MAM-9.0x42,,,,,,,,,,,,,,,,,,,,,F.,,,,,,,,,,PreservedSpecimen,,,,,https://doi.org/10.21373/g4fcm5,,,Bla1,,,,,
MHNG-MAM-10.0x42,,,,2024-05-07,,,,,,,,,,,,,,,,,,,,,,,,,,2492483,,,,,,,,,,,,,,Animalia,Chordata,,Aves,Passeriformes,Muscicapidae,,Oenanthe,,,,"Oenanthe Vieillot, 1816",,,,,,,,,,,,,,,ex.- variegatus; attention: aucun Bradypus n’a jamais été signalé d’Argentine,,,,,South America,,,Brazil,Amérique du Sud,,Mato Grosso,-59.0,-13.0,,Campos de Júlio,br,,,,,,,,,,,,,,,,,,,,,,,,,,,,,,,,,,,,,,,,,,,,,,,MHNG-MAM-10.0x42,,,,,,,,,,,,,,,,,,,,,F.,,,,,,,,,,PreservedSpecimen,,,,,https://doi.org/10.21373/g4fcm5,,,Bla1,,,,,
MHNG-MAM-16.0x42,,,,2024-05-07,,,,,,,,,,,,,,,,,,,,,,,,,,2492483,,,,,,,,,,,,,,Animalia,Chordata,,Aves,Passeriformes,Muscicapidae,,Oenanthe,,,,"Oenanthe Vieillot, 1816",,,,,,,,,,,,,,,ex.- variegatus; attention: aucun Bradypus n’a jamais été signalé d’Argentine,,,,,South America,,,Brazil,Amérique du Sud,,Mato Grosso,-59.0,-13.0,,Campos de Júlio,br,,,,,,,,,,,,,,,,,,,,,,,,,,,,,,,,,,,,,,,,,,,,,,,MHNG-MAM-16.0x42,,,,,,,,,,,,,,,,,,,,,F.,,,,,,,,,,PreservedSpecimen,,,,,https://doi.org/10.21373/g4fcm5,,,Bla1,,,,,
MHNG-MAM-16.0x4asd,,,,2024-05-07,,,,,,,,,,,,,,,,,,,,,,,,,,2492483,,,,,,,,,,,,,,Animalia,Chordata,,Aves,Passeriformes,Muscicapidae,,Oenanthe,,,,"Oenanthe Vieillot, 1816",,,,,,,,,,,,,,,ex.- variegatus; attention: aucun Bradypus n’a jamais été signalé d’Argentine,,,,,South America,,,Brazil,Amérique du Sud,,Mato Grosso,-59.0,-13.0,,Campos de Júlio,br,,,,,,,,,,,,,,,,,,,,,,,,,,,,,,,,,,,,,,,,,,,,,,,MHNG-MAM-16.0x4asd,,,,,,,,,,,,,,,,,,,,,F.,,,,,,,,,,PreservedSpecimen,,,,,https://doi.org/10.21373/g4fcm5,,,Bla2,,,,,
MHNG-MAM-15.0x42,,,,2024-05-07,,,,,,,,,,,,,,,,,,,,,,,,,,2492483,,,,,,,,,,,,,,Animalia,Chordata,,Aves,Passeriformes,Muscicapidae,,Oenanthe,,,,"Oenanthe Vieillot, 1816",,,,,,,,,,,,,,,ex.- variegatus; attention: aucun Bradypus n’a jamais été signalé d’Argentine,,,,,South America,,,Brazil,Amérique du Sud,,Mato Grosso,-59.0,-13.0,,Campos de Júlio,br,,,,,,,,,,,,,,,,,,,,,,,,,,,,,,,,,,,,,,,,,,,,,,,MHNG-MAM-15.0x42,,,,,,,,,,,,,,,,,,,,,F.,,,,,,,,,,PreservedSpecimen,,,,,https://doi.org/10.21373/g4fcm5,,,Bla1,,,,,
MHNG-MAM-15.0x4asd,,,,2024-05-07,,,,,,,,,,,,,,,,,,,,,,,,,,2492483,,,,,,,,,,,,,,Animalia,Chordata,,Aves,Passeriformes,Muscicapidae,,Oenanthe,,,,"Oenanthe Vieillot, 1816",,,,,,,,,,,,,,,ex.- variegatus; attention: aucun Bradypus n’a jamais été signalé d’Argentine,,,,,South America,,,Brazil,Amérique du Sud,,Mato Grosso,-59.0,-13.0,,Campos de Júlio,br,,,,,,,,,,,,,,,,,,,,,,,,,,,,,,,,,,,,,,,,,,,,,,,MHNG-MAM-15.0x4asd,,,,,,,,,,,,,,,,,,,,,F.,,,,,,,,,,PreservedSpecimen,,,,,https://doi.org/10.21373/g4fcm5,,,Bla2,,,,,
MHNG-MAM-14.0x4asd,,,,2024-05-07,,,,,,,,,,,,,,,,,,,,,,,,,,2492483,,,,,,,,,,,,,,Animalia,Chordata,,Aves,Passeriformes,Muscicapidae,,Oenanthe,,,,"Oenanthe Vieillot, 1816",,,,,,,,,,,,,,,ex.- variegatus; attention: aucun Bradypus n’a jamais été signalé d’Argentine,,,,,South America,,,Brazil,Amérique du Sud,,Mato Grosso,-59.0,-13.0,,Campos de Júlio,br,,,,,,,,,,,,,,,,,,,,,,,,,,,,,,,,,,,,,,,,,,,,,,,MHNG-MAM-14.0x4asd,,,,,,,,,,,,,,,,,,,,,F.,,,,,,,,,,PreservedSpecimen,,,,,https://doi.org/10.21373/g4fcm5,,,Bla2,,,,,