<?xml version="1.0" encoding="UTF-8"?>
<archive xmlns="http://rs.tdwg.org/dwc/text/" xmlns:xsi="http://www.w3.org/2001/XMLSchema-instance" xmlns:xs="http://www.w3.org/2001/XMLSchema" xsi:schemaLocation="http://rs.tdwg.org/dwc/text/ http://rs.tdwg.org/dwc/text/tdwg_dwc_text.xsd">
  <core encoding="UTF-8" fieldsTerminatedBy="," ignoreHeaderLines="1" rowType="http://rs.tdwg.org/dwc/terms/Occurrence">
    <files>
      <location>core.csv</location>
    </files>
    <id index="0"/>
    <field index="0" term="http://rs.tdwg.org/dwc/terms/occurrenceID"/>
    <field index="1" term="http://rs.tdwg.org/dwc/terms/eventID"/>
    <field index="2" term="http://rs.tdwg.org/dwc/terms/parentEventID"/>
    <field index="3" term="http://rs.tdwg.org/dwc/terms/fieldNumber"/>
    <field index="4" term="http://rs.tdwg.org/dwc/terms/eventDate"/>
    <field index="5" term="http://rs.tdwg.org/dwc/terms/eventTime"/>
    <field index="6" term="http://rs.tdwg.org/dwc/terms/endDayOfYear"/>
    <field index="7" term="http://rs.tdwg.org/dwc/terms/day"/>
    <field index="8" term="http://rs.tdwg.org/dwc/terms/month"/>
    <field index="9" term="http://rs.tdwg.org/dwc/terms/year"/>
    <field index="10" term="http://rs.tdwg.org/dwc/terms/verbatimEventDate"/>
    <field index="11" term="http://rs.tdwg.org/dwc/terms/habitat"/>
    <field index="12" term="http://rs.tdwg.org/dwc/terms/fieldNotes"/>
    <field index="13" term="http://rs.tdwg.org/dwc/terms/eventRemarks"/>
    <field index="14" term="http://rs.tdwg.org/dwc/terms/samplingProtocol"/>
    <field index="15" term="http://rs.tdwg.org/dwc/terms/sampleSizeValue"/>
    <field index="16" term="http://rs.tdwg.org/dwc/terms/sampleSizeUnit"/>
    <field index="17" term="http://rs.tdwg.org/dwc/terms/samplingEffort"/>
    <field index="18" term="http://rs.tdwg.org/dwc/terms/startDayOfYear"/>
    <field index="19" term="http://rs.tdwg.org/dwc/terms/dateIdentified"/>
    <field index="20" term="http://rs.tdwg.org/dwc/terms/identifiedBy"/>
    <field index="21" term="http://rs.tdwg.org/dwc/terms/typeStatus"/>
    <field index="22" term="http://rs.tdwg.org/dwc/terms/evidenceType"/>
    <field index="23" term="http://rs.tdwg.org/dwc/terms/identificationQualifier"/>
    <field index="24" term="http://rs.tdwg.org/dwc/terms/identificationReferences"/>
    <field index="25" term="http://rs.tdwg.org/dwc/terms/identificationRemarks"/>
    <field index="26" term="http://rs.tdwg.org/dwc/terms/identificationVerificationStatus"/>
    <field index="27" term="http://rs.tdwg.org/dwc/terms/identifiedByID"/>
    <field index="28" term="http://rs.tdwg.org/dwc/terms/previousIdentifications"/>
    <field index="29" term="http://rs.tdwg.org/dwc/terms/verbatimIdentification"/>
    <field index="30" term="http://rs.tdwg.org/dwc/terms/taxonID"/>
    <field index="31" term="http://purl.org/dc/terms/identifier"/>
    <field index="32" term="http://rs.tdwg.org/dwc/terms/scientificNameID"/>
    <field index="33" term="http://rs.tdwg.org/dwc/terms/parentNameUsageID"/>
    <field index="34" term="http://rs.tdwg.org/dwc/terms/parentNameUsage"/>
    <field index="35" term="http://rs.tdwg.org/dwc/terms/originalNameUsageID"/>
    <field index="36" term="http://rs.tdwg.org/dwc/terms/originalNameUsage"/>
    <field index="37" term="http://rs.tdwg.org/dwc/terms/nameAccordingToID"/>
    <field index="38" term="http://rs.tdwg.org/dwc/terms/nameAccordingTo"/>
    <field index="39" term="http://rs.tdwg.org/dwc/terms/namePublishedInID"/>
    <field index="40" term="http://rs.tdwg.org/dwc/terms/namePublishedIn"/>
    <field index="41" term="http://rs.tdwg.org/dwc/terms/namePublishedInYear"/>
    <field index="42" term="http://rs.tdwg.org/dwc/terms/higherClassification"/>
    <field index="43" term="http://rs.tdwg.org/dwc/terms/taxonConceptID"/>
    <field index="44" term="http://rs.tdwg.org/dwc/terms/kingdom"/>
    <field index="45" term="http://rs.tdwg.org/dwc/terms/phylum"/>
    <field index="46" term="http://rs.tdwg.org/dwc/terms/superfamily"/>
    <field index="47" term="http://rs.tdwg.org/dwc/terms/class"/>
    <field index="48" term="http://rs.tdwg.org/dwc/terms/order"/>
    <field index="49" term="http://rs.tdwg.org/dwc/terms/family"/>
    <field index="50" term="http://rs.tdwg.org/dwc/terms/subfamily"/>
    <field index="51" term="http://rs.tdwg.org/dwc/terms/genus"/>
    <field index="52" term="http://rs.tdwg.org/dwc/terms/subgenus"/>
    <field index="53" term="http://rs.tdwg.org/dwc/terms/tribe"/>
    <field index="54" term="http://rs.tdwg.org/dwc/terms/subTribe"/>
    <field index="55" term="http://rs.tdwg.org/dwc/terms/scientificName"/>
    <field index="56" term="http://rs.tdwg.org/dwc/terms/genericName"/>
    <field index="57" term="http://rs.tdwg.org/dwc/terms/scientificNameAuthorship"/>
    <field index="58" term="http://rs.tdwg.org/dwc/terms/infragenericEpithet"/>
    <field index="59" term="http://rs.tdwg.org/dwc/terms/infraspecificEpithet"/>
    <field index="60" term="http://rs.tdwg.org/dwc/terms/specificEpithet"/>
    <field index="61" term="http://rs.tdwg.org/dwc/terms/cultivarEpithet"/>
    <field index="62" term="http://rs.tdwg.org/dwc/terms/acceptedNameUsage"/>
    <field index="63" term="http://rs.tdwg.org/dwc/terms/acceptedNameUsageID"/>
    <field index="64" term="http://rs.tdwg.org/dwc/terms/taxonRank"/>
    <field index="65" term="http://rs.tdwg.org/dwc/terms/verbatimTaxonRank"/>
    <field index="66" term="http://rs.tdwg.org/dwc/terms/vernacularName"/>
    <field index="67" term="http://rs.tdwg.org/dwc/terms/nomenclaturalCode"/>
    <field index="68" term="http://rs.tdwg.org/dwc/terms/taxonomicStatus"/>
    <field index="69" term="http://rs.tdwg.org/dwc/terms/nomenclaturalStatus"/>
    <field index="70" term="http://rs.tdwg.org/dwc/terms/taxonRemarks"/>
    <field index="71" term="http://rs.tdwg.org/dwc/terms/locationID"/>
    <field index="72" term="http://rs.tdwg.org/dwc/terms/higherGeographyID"/>
    <field index="73" term="http://rs.tdwg.org/dwc/terms/waterBody"/>
    <field index="74" term="http://rs.tdwg.org/dwc/terms/higherGeography"/>
    <field index="75" term="http://rs.tdwg.org/dwc/terms/continent"/>
    <field index="76" term="http://rs.tdwg.org/dwc/terms/islandGroup"/>
    <field index="77" term="http://rs.tdwg.org/dwc/terms/island"/>
    <field index="78" term="http://rs.tdwg.org/dwc/terms/country"/>
    <field index="79" term="http://rs.tdwg.org/dwc/terms/locality"/>
    <field index="80" term="http://rs.tdwg.org/dwc/terms/verbatimLocality"/>
    <field index="81" term="http://rs.tdwg.org/dwc/terms/stateProvince"/>
    <field index="82" term="http://rs.tdwg.org/dwc/terms/decimalLongitude"/>
    <field index="83" term="http://rs.tdwg.org/dwc/terms/decimalLatitude"/>
    <field index="84" term="http://rs.tdwg.org/dwc/terms/county"/>
    <field index="85" term="http://rs.tdwg.org/dwc/terms/municipality"/>
    <field index="86" term="http://rs.tdwg.org/dwc/terms/countryCode"/>
    <field index="87" term="http://rs.tdwg.org/dwc/terms/minimumElevationInMeters"/>
    <field index="88" term="http://rs.tdwg.org/dwc/terms/maximumElevationInMeters"/>
    <field index="89" term="http://rs.tdwg.org/dwc/terms/verbatimElevation"/>
    <field index="90" term="http://rs.tdwg.org/dwc/terms/verticalDatum"/>
    <field index="91" term="http://rs.tdwg.org/dwc/terms/minimumDepthInMeters"/>
    <field index="92" term="http://rs.tdwg.org/dwc/terms/maximumDepthInMeters"/>
    <field index="93" term="http://rs.tdwg.org/dwc/terms/verbatimDepth"/>
    <field index="94" term="http://rs.tdwg.org/dwc/terms/minimumDistanceAboveSurfaceInMeters"/>
    <field index="95" term="http://rs.tdwg.org/dwc/terms/maximumDistanceAboveSurfaceInMeters"/>
    <field index="96" term="http://rs.tdwg.org/dwc/terms/locationAccordingTo"/>
    <field index="97" term="http://rs.tdwg.org/dwc/terms/locationRemarks"/>
    <field index="98" term="http://rs.tdwg.org/dwc/terms/geodeticDatum"/>
    <field index="99" term="http://rs.tdwg.org/dwc/terms/coordinateUncertaintyInMeters"/>
    <field index="100" term="http://rs.tdwg.org/dwc/terms/coordinatePrecision"/>
    <field index="101" term="http://rs.tdwg.org/dwc/terms/pointRadiusSpatialFit"/>
    <field index="102" term="http://rs.tdwg.org/dwc/terms/verbatimCoordinates"/>
    <field index="103" term="http://rs.tdwg.org/dwc/terms/verbatimLatitude"/>
    <field index="104" term="http://rs.tdwg.org/dwc/terms/verbatimLongitude"/>
    <field index="105" term="http://rs.tdwg.org/dwc/terms/verbatimCoordinateSystem"/>
    <field index="106" term="http://rs.tdwg.org/dwc/terms/verbatimSRS"/>
    <field index="107" term="http://rs.tdwg.org/dwc/terms/footprintWKT"/>
    <field index="108" term="http://rs.tdwg.org/dwc/terms/footprintSRS"/>
    <field index="109" term="http://rs.tdwg.org/dwc/terms/footprintSpatialFit"/>
    <field index="110" term="http://rs.tdwg.org/dwc/terms/georeferencedBy"/>
    <field index="111" term="http://rs.tdwg.org/dwc/terms/georeferencedDate"/>
    <field index="112" term="http://rs.tdwg.org/dwc/terms/georeferenceProtocol"/>
    <field index="113" term="http://rs.tdwg.org/dwc/terms/georeferenceSources"/>
    <field index="114" term="http://rs.tdwg.org/dwc/terms/georeferenceRemarks"/>
    <field index="115" term="http://rs.tdwg.org/dwc/terms/georeferenceVerificationStatus"/>
    <field index="116" term="http://rs.tdwg.org/dwc/terms/materialEntityID"/>
    <field index="117" term="http://rs.tdwg.org/dwc/terms/anatomicalDescription"/>
    <field index="118" term="http://rs.tdwg.org/dwc/terms/verbatimLabel"/>
    <field index="119" term="http://rs.tdwg.org/dwc/terms/preparations"/>
    <field index="120" term="http://rs.tdwg.org/dwc/terms/materialEntityRemarks"/>
    <field index="121" term="http://rs.tdwg.org/dwc/terms/recordNumber"/>
    <field index="122" term="http://rs.tdwg.org/dwc/terms/recordedBy"/>
    <field index="123" term="http://rs.tdwg.org/dwc/terms/recordedByID"/>
    <field index="124" term="http://rs.tdwg.org/dwc/terms/organismQuantity"/>
    <field index="125" term="http://rs.tdwg.org/dwc/terms/organismQuantityType"/>
    <field index="126" term="http://rs.tdwg.org/dwc/terms/lifeStage"/>
    <field index="127" term="http://rs.tdwg.org/dwc/terms/reproductiveCondition"/>
    <field index="128" term="http://rs.tdwg.org/dwc/terms/behavior"/>
    <field index="129" term="http://rs.tdwg.org/dwc/terms/occurrenceStatus"/>
    <field index="130" term="http://rs.tdwg.org/dwc/terms/associatedMedia"/>
    <field index="131" term="http://rs.tdwg.org/dwc/terms/otherCatalogNumbers"/>
    <field index="132" term="http://purl.org/dc/terms/references"/>
    <field index="133" term="http://rs.tdwg.org/dwc/terms/catalogNumber"/>
    <field index="134" term="http://rs.tdwg.org/dwc/terms/organismQuantity"/>
    <field index="135" term="http://rs.tdwg.org/dwc/terms/materialSampleID"/>
    <field index="136" term="http://rs.tdwg.org/dwc/terms/geologicalContextID"/>
    <field index="137" term="http://rs.tdwg.org/dwc/terms/bed"/>
    <field index="138" term="http://rs.tdwg.org/dwc/terms/earliestAgeOrLowestStage"/>
    <field index="139" term="http://rs.tdwg.org/dwc/terms/earliestEonOrLowestEonothem"/>
    <field index="140" term="http://rs.tdwg.org/dwc/terms/earliestEpochOrLowestSeries"/>
    <field index="141" term="http://rs.tdwg.org/dwc/terms/earliestEraOrLowestErathem"/>
    <field index="142" term="http://rs.tdwg.org/dwc/terms/earliestPeriodOrLowestSystem"/>
    <field index="143" term="http://rs.tdwg.org/dwc/terms/latestEonOrHighestEonothem"/>
    <field index="144" term="http://rs.tdwg.org/dwc/terms/latestEraOrHighestErathem"/>
    <field index="145" term="http://rs.tdwg.org/dwc/terms/latestPeriodOrHighestSystem"/>
    <field index="146" term="http://rs.tdwg.org/dwc/terms/latestEpochOrHighestSeries"/>
    <field index="147" term="http://rs.tdwg.org/dwc/terms/latestAgeOrHighestStage"/>
    <field index="148" term="http://rs.tdwg.org/dwc/terms/lowestBiostratigraphicZone"/>
    <field index="149" term="http://rs.tdwg.org/dwc/terms/highestBiostratigraphicZone"/>
    <field index="150" term="http://rs.tdwg.org/dwc/terms/lithostratigraphicTerms"/>
    <field index="151" term="http://rs.tdwg.org/dwc/terms/formation"/>
    <field index="152" term="http://rs.tdwg.org/dwc/terms/group"/>
    <field index="153" term="http://rs.tdwg.org/dwc/terms/member"/>
    <field index="154" term="http://rs.tdwg.org/dwc/terms/sex"/>
    <field index="155" term="http://rs.tdwg.org/dwc/terms/establishmentMeans"/>
    <field index="156" term="http://rs.tdwg.org/dwc/terms/degreeOfEstablishment"/>
    <field index="157" term="http://rs.tdwg.org/dwc/terms/pathway"/>
    <field index="158" term="http://rs.tdwg.org/dwc/terms/organismID"/>
    <field index="159" term="http://rs.tdwg.org/dwc/terms/organismName"/>
    <field index="160" term="http://rs.tdwg.org/dwc/terms/organismScope"/>
    <field index="161" term="http://rs.tdwg.org/dwc/terms/organismRemarks"/>
    <field index="162" term="http://data.ggbn.org/schemas/ggbn/terms/sequence"/>
    <field index="163" term="http://purl.org/dc/terms/accessRights"/>
    <field index="164" term="http://rs.tdwg.org/dwc/terms/basisOfRecord"/>
    <field index="165" term="http://purl.org/dc/terms/bibliographicCitation"/>
    <field index="166" term="http://rs.tdwg.org/dwc/terms/collectionCode"/>
    <field index="167" term="http://rs.tdwg.org/dwc/terms/collectionID"/>
    <field index="168" term="http://rs.tdwg.org/dwc/terms/dataGeneralizations"/>
    <field index="169" term="http://rs.tdwg.org/dwc/terms/datasetID"/>
    <field index="170" term="http://rs.tdwg.org/dwc/terms/datasetName"/>
    <field index="171" term="http://rs.tdwg.org/dwc/terms/informationWithheld"/>
    <field index="172" term="http://rs.tdwg.org/dwc/terms/institutionCode"/>
    <field index="173" term="http://rs.tdwg.org/dwc/terms/institutionID"/>
    <field index="174" term="http://rs.tdwg.org/dwc/terms/license"/>
    <field index="175" term="http://rs.tdwg.org/dwc/terms/ownerInstitutionCode"/>
    <field index="176" term="http://purl.org/dc/terms/rightsHolder"/>
    <field index="177" term="http://purl.org/dc/terms/type"/>
  </core>
  <extension encoding="UTF-8" fieldsTerminatedBy="," ignoreHeaderLines="1" rowType="http://rs.tdwg.org/dwc/terms/MaterialSample">
    <files>
      <location>material_sample.csv</location>
    </files>
    <coreid index="0"/>
    <field index="0" term="http://rs.tdwg.org/dwc/terms/occurrenceID"/>
    <field index="1" term="http://data.ggbn.org/schemas/ggbn/terms/materialSampleType"/>
  </extension>
  <extension encoding="UTF-8" fieldsTerminatedBy="," ignoreHeaderLines="1" rowType="http://rs.tdwg.org/dwc/terms/MeasurementOrFact">
    <files>
      <location>preservation.csv</location>
    </files>
    <coreid index="0"/>
    <field index="0" term="http://rs.tdwg.org/dwc/terms/occurrenceID"/>
    <field index="1" term="http://data.ggbn.org/schemas/ggbn/terms/preservationDateBegin"/>
    <field index="2" term="http://data.ggbn.org/schemas/ggbn/terms/preservationTemperature"/>
  </extension>
  <extension encoding="UTF-8" fieldsTerminatedBy="," ignoreHeaderLines="1" rowType="http://rs.tdwg.org/dwc/terms/Event">
    <files>
      <location>releve.csv</location>
    </files>
    <coreid index="0"/>
    <field index="0" term="http://rs.tdwg.org/dwc/terms/occurrenceID"/>
    <field index="1" term="http://rs.gbif.org/terms/1.0/aspect"/>
    <field index="2" term="http://rs.gbif.org/terms/1.0/coverAlgaeInPercentage"/>
    <field index="3" term="http://rs.gbif.org/terms/1.0/coverCryptogamsInPercentage"/>
    <field index="4" term="http://rs.gbif.org/terms/1.0/coverHerbsInPercentage"/>
    <field index="5" term="http://rs.gbif.org/terms/1.0/coverLichensInPercentage"/>
    <field index="6" term="http://rs.gbif.org/terms/1.0/coverLitterInPercentage"/>
    <field index="7" term="http://rs.gbif.org/terms/1.0/coverMossesInPercentage"/>
    <field index="8" term="http://rs.gbif.org/terms/1.0/coverRockInPercentage"/>
    <field index="9" term="http://rs.gbif.org/terms/1.0/coverShrubsInPercentage"/>
    <field index="10" term="http://rs.gbif.org/terms/1.0/coverTotalInPercentage"/>
    <field index="11" term="http://rs.gbif.org/terms/1.0/coverTreesInPercentage"/>
    <field index="12" term="http://rs.gbif.org/terms/1.0/coverWaterInPercentage"/>
    <field index="13" term="http://rs.gbif.org/terms/1.0/herbLayerHeightInCentimeters"/>
    <field index="14" term="http://rs.gbif.org/terms/1.0/inclinationInDegrees"/>
    <field index="15" term="http://rs.gbif.org/terms/1.0/lichensIdentified"/>
    <field index="16" term="http://rs.gbif.org/terms/1.0/mossesIdentified"/>
    <field index="17" term="http://rs.gbif.org/terms/1.0/project"/>
    <field index="18" term="http://rs.gbif.org/terms/1.0/syntaxonName"/>
    <field index="19" term="http://rs.gbif.org/terms/1.0/treeLayerHeightInMeters"/>
    <field index="20" term="http://rs.gbif.org/terms/1.0/shrubLayerHeightInMeters"/>
  </extension>
</archive>