occurrenceID,aspect,coverAlgaeInPercentage,coverCryptogamsInPercentage,coverHerbsInPercentage,coverLichensInPercentage,coverLitterInPercentage,coverMossesInPercentage,coverRockInPercentage,coverShrubsInPercentage,coverTotalInPercentage,coverTreesInPercentage,coverWaterInPercentage,herbLayerHeightInCentimeters,inclinationInDegrees,lichensIdentified,mossesIdentified,project,syntaxonName,treeLayerHeightInMeters,shrubLayerHeightInMeters
MHNG-MAM-8.0x4asd,,,,,,,,,,,,,,,,,,,,
MHNG-MAM-8.0x42,,,,,,,,,,,,,,,,,,,,
MHNG-MAM-12.0x4asd,,,,,,,,,,,,,,,,,,,,
MHNG-MAM-14.0x42,,,,,,,,,,,,,,,,,,,,
MHNG-MAM-11.0x42,,,,,,,,,,,,,,,,,,,,
MHNG-MAM-12.0x42,,,,,,,,,,,,,,,,,,,,
MHNG-MAM-13.0x42,,,,,,,,,,,,,,,,,,,,
MHNG-MAM-11.0x4asd,,,,,,,,,,,,,,,,,,,,
MHNG-MAM-10.0x4asd,,,,,,,,,,,,,,,,,,,,
MHNG-MAM-9.0x4asd,,,,,,,,,,,,,,,,,,,,
MHNG-MAM-13.0x4asd,,,,,,,,,,,,,,,,,,,,
MHNG-MAM-9.0x42,,,,,,,,,,,,,,,,,,,,
MHNG-MAM-10.0x42,,,,,,,,,,,,,,,,,,,,
MHNG-MAM-16.0x42,,,,,,,,,,,,,,,,,,,,
MHNG-MAM-16.0x4asd,,,,,,,,,,,,,,,,,,,,
MHNG-MAM-15.0x42,,,,,,,,,,,,,,,,,,,,
MHNG-MAM-15.0x4asd,,,,,,,,,,,,,,,,,,,,
MHNG-MAM-14.0x4asd,,,,,,,,,,,,,,,,,,,,
