<archive xmlns="http://rs.tdwg.org/dwc/text/" metadata="eml.xml">
  <core encoding="UTF-8" fieldsTerminatedBy="\t" linesTerminatedBy="\n" fieldsEnclosedBy="" ignoreHeaderLines="1" rowType="http://rs.tdwg.org/dwc/terms/Occurrence">
    <files>
      <location>occurrence.txt</location>
    </files>
    <id index="0" />
    <field index="1" term="http://purl.org/dc/terms/license"/>
    <field index="2" term="http://purl.org/dc/terms/rightsHolder"/>
    <field index="3" term="http://purl.org/dc/terms/references"/>
    <field index="4" term="http://rs.tdwg.org/dwc/terms/institutionID"/>
    <field index="5" term="http://rs.tdwg.org/dwc/terms/datasetID"/>
    <field index="6" term="http://rs.tdwg.org/dwc/terms/institutionCode"/>
    <field index="7" term="http://rs.tdwg.org/dwc/terms/collectionCode"/>
    <field index="8" term="http://rs.tdwg.org/dwc/terms/datasetName"/>
    <field index="9" term="http://rs.tdwg.org/dwc/terms/ownerInstitutionCode"/>
    <field index="10" term="http://rs.tdwg.org/dwc/terms/basisOfRecord"/>
    <field index="11" term="http://rs.tdwg.org/dwc/terms/dataGeneralizations"/>
    <field index="12" term="http://rs.tdwg.org/dwc/terms/occurrenceID"/>
    <field index="13" term="http://rs.tdwg.org/dwc/terms/catalogNumber"/>
    <field index="14" term="http://rs.tdwg.org/dwc/terms/recordedBy"/>
    <field index="15" term="http://rs.tdwg.org/dwc/terms/individualCount"/>
    <field index="16" term="http://rs.tdwg.org/dwc/terms/organismQuantity"/>
    <field index="17" term="http://rs.tdwg.org/dwc/terms/organismQuantityType"/>
    <field index="18" term="http://rs.tdwg.org/dwc/terms/sex"/>
    <field index="19" term="http://rs.tdwg.org/dwc/terms/lifeStage"/>
    <field index="20" term="http://rs.tdwg.org/dwc/terms/establishmentMeans"/>
    <field index="21" term="http://rs.tdwg.org/dwc/terms/occurrenceStatus"/>
    <field index="22" term="http://rs.tdwg.org/dwc/terms/disposition"/>
    <field index="23" term="http://rs.tdwg.org/dwc/terms/associatedMedia"/>
    <field index="24" term="http://rs.tdwg.org/dwc/terms/associatedReferences"/>
    <field index="25" term="http://rs.tdwg.org/dwc/terms/associatedSequences"/>
    <field index="26" term="http://rs.tdwg.org/dwc/terms/organismID"/>
    <field index="27" term="http://rs.tdwg.org/dwc/terms/associatedOrganisms"/>
    <field index="28" term="http://rs.tdwg.org/dwc/terms/materialSampleID"/>
    <field index="29" term="http://rs.tdwg.org/dwc/terms/eventID"/>
    <field index="30" term="http://rs.tdwg.org/dwc/terms/fieldNumber"/>
    <field index="31" term="http://rs.tdwg.org/dwc/terms/year"/>
    <field index="32" term="http://rs.tdwg.org/dwc/terms/month"/>
    <field index="33" term="http://rs.tdwg.org/dwc/terms/day"/>
    <field index="34" term="http://rs.tdwg.org/dwc/terms/habitat"/>
    <field index="35" term="http://rs.tdwg.org/dwc/terms/samplingProtocol"/>
    <field index="36" term="http://rs.tdwg.org/dwc/terms/continent"/>
    <field index="37" term="http://rs.tdwg.org/dwc/terms/waterBody"/>
    <field index="38" term="http://rs.tdwg.org/dwc/terms/countryCode"/>
    <field index="39" term="http://rs.tdwg.org/dwc/terms/stateProvince"/>
    <field index="40" term="http://rs.tdwg.org/dwc/terms/locality"/>
    <field index="41" term="http://rs.tdwg.org/dwc/terms/minimumElevationInMeters"/>
    <field index="42" term="http://rs.tdwg.org/dwc/terms/maximumElevationInMeters"/>
    <field index="43" term="http://rs.tdwg.org/dwc/terms/decimalLatitude"/>
    <field index="44" term="http://rs.tdwg.org/dwc/terms/decimalLongitude"/>
    <field index="45" term="http://rs.tdwg.org/dwc/terms/geodeticDatum"/>
    <field index="46" term="http://rs.tdwg.org/dwc/terms/coordinateUncertaintyInMeters"/>
    <field index="47" term="http://rs.tdwg.org/dwc/terms/georeferencedBy"/>
    <field index="48" term="http://rs.tdwg.org/dwc/terms/georeferencedDate"/>
    <field index="49" term="http://rs.tdwg.org/dwc/terms/identificationQualifier"/>
    <field index="50" term="http://rs.tdwg.org/dwc/terms/identifiedBy"/>
    <field index="51" term="http://rs.tdwg.org/dwc/terms/identificationReferences"/>
    <field index="52" term="http://rs.tdwg.org/dwc/terms/identificationVerificationStatus"/>
    <field index="53" term="http://rs.tdwg.org/dwc/terms/identificationRemarks"/>
    <field index="54" term="http://rs.tdwg.org/dwc/terms/taxonID"/>
    <field index="55" term="http://rs.tdwg.org/dwc/terms/scientificName"/>
    <field index="56" term="http://rs.tdwg.org/dwc/terms/kingdom"/>
    <field index="57" term="http://rs.tdwg.org/dwc/terms/phylum"/>
    <field index="58" term="http://rs.tdwg.org/dwc/terms/class"/>
    <field index="59" term="http://rs.tdwg.org/dwc/terms/order"/>
    <field index="60" term="http://rs.tdwg.org/dwc/terms/family"/>
    <field index="61" term="http://rs.tdwg.org/dwc/terms/genus"/>
    <field index="62" term="http://rs.tdwg.org/dwc/terms/specificEpithet"/>
    <field index="63" term="http://rs.tdwg.org/dwc/terms/infraspecificEpithet"/>
    <field index="64" term="http://rs.tdwg.org/dwc/terms/taxonRank"/>
    <field index="65" term="http://rs.tdwg.org/dwc/terms/scientificNameAuthorship"/>
    <field index="66" term="http://rs.tdwg.org/dwc/terms/nomenclaturalCode"/>
  </core>
</archive>
