id	occurrenceID	eventDate	kingdom	phylum	class	order	family	genus	scientificName	specificEpithet	continent	country	verbatimLocality	stateProvince	decimalLongitude	decimalLatitude	county	municipality	countryCode	catalogNumber	basisOfRecord	datasetID	datasetName
1	MHNG-MAM-8.0x4asd	2024-05-07	Animalia	Chordata	Aves	Passeriformes	Muscicapidae	Oenanthe	Oenanthe Vieillot, 1816	ex.- variegatus; attention: aucun Bradypus n’a jamais été signalé d’Argentine	South America	Brazil	Amérique du Sud	Mato Grosso	-59.0	-13.0		Campos de Júlio	br	MHNG-MAM-8.0x4asd	PreservedSpecimen	29c3fece-b6a9-482f-80b3-8a881d079324	Bla1
2	MHNG-MAM-8.0x42	2024-05-07	Animalia	Chordata	Aves	Passeriformes	Muscicapidae	Oenanthe	Oenanthe Vieillot, 1816	ex.- variegatus; attention: aucun Bradypus n’a jamais été signalé d’Argentine	South America	Brazil	Amérique du Sud	Mato Grosso	-59.0	-13.0		Campos de Júlio	br	MHNG-MAM-8.0x42	PreservedSpecimen	29c3fece-b6a9-482f-80b3-8a881d079324	Bla1
3	MHNG-MAM-12.0x4asd	2024-05-07	Animalia	Chordata	Aves	Passeriformes	Muscicapidae	Oenanthe	Oenanthe Vieillot, 1816	ex.- variegatus; attention: aucun Bradypus n’a jamais été signalé d’Argentine	South America	Brazil	Amérique du Sud	Mato Grosso	-59.0	-13.0		Campos de Júlio	br	MHNG-MAM-12.0x4asd	PreservedSpecimen	29c3fece-b6a9-482f-80b3-8a881d079324	Bla1
4	MHNG-MAM-14.0x42	2024-05-07	Animalia	Chordata	Aves	Passeriformes	Muscicapidae	Oenanthe	Oenanthe Vieillot, 1816	ex.- variegatus; attention: aucun Bradypus n’a jamais été signalé d’Argentine	South America	Brazil	Amérique du Sud	Mato Grosso	-59.0	-13.0		Campos de Júlio	br	MHNG-MAM-14.0x42	PreservedSpecimen	29c3fece-b6a9-482f-80b3-8a881d079324	Bla1
5	MHNG-MAM-11.0x42	2024-05-07	Animalia	Chordata	Aves	Passeriformes	Muscicapidae	Oenanthe	Oenanthe Vieillot, 1816	ex.- variegatus; attention: aucun Bradypus n’a jamais été signalé d’Argentine	South America	Brazil	Amérique du Sud	Mato Grosso	-59.0	-13.0		Campos de Júlio	br	MHNG-MAM-11.0x42	PreservedSpecimen	29c3fece-b6a9-482f-80b3-8a881d079324	Bla1
6	MHNG-MAM-12.0x42	2024-05-07	Animalia	Chordata	Aves	Passeriformes	Muscicapidae	Oenanthe	Oenanthe Vieillot, 1816	ex.- variegatus; attention: aucun Bradypus n’a jamais été signalé d’Argentine	South America	Brazil	Amérique du Sud	Mato Grosso	-59.0	-13.0		Campos de Júlio	br	MHNG-MAM-12.0x42	PreservedSpecimen	29c3fece-b6a9-482f-80b3-8a881d079324	Bla1
7	MHNG-MAM-13.0x42	2024-05-07	Animalia	Chordata	Aves	Passeriformes	Muscicapidae	Oenanthe	Oenanthe Vieillot, 1816	ex.- variegatus; attention: aucun Bradypus n’a jamais été signalé d’Argentine	South America	Brazil	Amérique du Sud	Mato Grosso	-59.0	-13.0		Campos de Júlio	br	MHNG-MAM-13.0x42	PreservedSpecimen	29c3fece-b6a9-482f-80b3-8a881d079324	Bla1
8	MHNG-MAM-11.0x4asd	2024-05-07	Animalia	Chordata	Aves	Passeriformes	Muscicapidae	Oenanthe	Oenanthe Vieillot, 1816	ex.- variegatus; attention: aucun Bradypus n’a jamais été signalé d’Argentine	South America	Brazil	Amérique du Sud	Mato Grosso	-59.0	-13.0		Campos de Júlio	br	MHNG-MAM-11.0x4asd	PreservedSpecimen	29c3fece-b6a9-482f-80b3-8a881d079324	Bla1
9	MHNG-MAM-10.0x4asd	2024-05-07	Animalia	Chordata	Aves	Passeriformes	Muscicapidae	Oenanthe	Oenanthe Vieillot, 1816	ex.- variegatus; attention: aucun Bradypus n’a jamais été signalé d’Argentine	South America	Brazil	Amérique du Sud	Mato Grosso	-59.0	-13.0		Campos de Júlio	br	MHNG-MAM-10.0x4asd	PreservedSpecimen	29c3fece-b6a9-482f-80b3-8a881d079324	Bla1
10	MHNG-MAM-9.0x4asd	2024-05-07	Animalia	Chordata	Aves	Passeriformes	Muscicapidae	Oenanthe	Oenanthe Vieillot, 1816	ex.- variegatus; attention: aucun Bradypus n’a jamais été signalé d’Argentine	South America	Brazil	Amérique du Sud	Mato Grosso	-59.0	-13.0		Campos de Júlio	br	MHNG-MAM-9.0x4asd	PreservedSpecimen	29c3fece-b6a9-482f-80b3-8a881d079324	Bla1
11	MHNG-MAM-13.0x4asd	2024-05-07	Animalia	Chordata	Aves	Passeriformes	Muscicapidae	Oenanthe	Oenanthe Vieillot, 1816	ex.- variegatus; attention: aucun Bradypus n’a jamais été signalé d’Argentine	South America	Brazil	Amérique du Sud	Mato Grosso	-59.0	-13.0		Campos de Júlio	br	MHNG-MAM-13.0x4asd	PreservedSpecimen	29c3fece-b6a9-482f-80b3-8a881d079324	Bla1
12	MHNG-MAM-9.0x42	2024-05-07	Animalia	Chordata	Aves	Passeriformes	Muscicapidae	Oenanthe	Oenanthe Vieillot, 1816	ex.- variegatus; attention: aucun Bradypus n’a jamais été signalé d’Argentine	South America	Brazil	Amérique du Sud	Mato Grosso	-59.0	-13.0		Campos de Júlio	br	MHNG-MAM-9.0x42	PreservedSpecimen	29c3fece-b6a9-482f-80b3-8a881d079324	Bla1
13	MHNG-MAM-10.0x42	2024-05-07	Animalia	Chordata	Aves	Passeriformes	Muscicapidae	Oenanthe	Oenanthe Vieillot, 1816	ex.- variegatus; attention: aucun Bradypus n’a jamais été signalé d’Argentine	South America	Brazil	Amérique du Sud	Mato Grosso	-59.0	-13.0		Campos de Júlio	br	MHNG-MAM-10.0x42	PreservedSpecimen	29c3fece-b6a9-482f-80b3-8a881d079324	Bla1
14	MHNG-MAM-16.0x42	2024-05-07	Animalia	Chordata	Aves	Passeriformes	Muscicapidae	Oenanthe	Oenanthe Vieillot, 1816	ex.- variegatus; attention: aucun Bradypus n’a jamais été signalé d’Argentine	South America	Brazil	Amérique du Sud	Mato Grosso	-59.0	-13.0		Campos de Júlio	br	MHNG-MAM-16.0x42	PreservedSpecimen	29c3fece-b6a9-482f-80b3-8a881d079324	Bla1
15	MHNG-MAM-16.0x4asd	2024-05-07	Animalia	Chordata	Aves	Passeriformes	Muscicapidae	Oenanthe	Oenanthe Vieillot, 1816	ex.- variegatus; attention: aucun Bradypus n’a jamais été signalé d’Argentine	South America	Brazil	Amérique du Sud	Mato Grosso	-59.0	-13.0		Campos de Júlio	br	MHNG-MAM-16.0x4asd	PreservedSpecimen	29c3fece-b6a9-482f-80b3-8a881d079324	Bla1
16	MHNG-MAM-15.0x42	2024-05-07	Animalia	Chordata	Aves	Passeriformes	Muscicapidae	Oenanthe	Oenanthe Vieillot, 1816	ex.- variegatus; attention: aucun Bradypus n’a jamais été signalé d’Argentine	South America	Brazil	Amérique du Sud	Mato Grosso	-59.0	-13.0		Campos de Júlio	br	MHNG-MAM-15.0x42	PreservedSpecimen	29c3fece-b6a9-482f-80b3-8a881d079324	Bla1
17	MHNG-MAM-15.0x4asd	2024-05-07	Animalia	Chordata	Aves	Passeriformes	Muscicapidae	Oenanthe	Oenanthe Vieillot, 1816	ex.- variegatus; attention: aucun Bradypus n’a jamais été signalé d’Argentine	South America	Brazil	Amérique du Sud	Mato Grosso	-59.0	-13.0		Campos de Júlio	br	MHNG-MAM-15.0x4asd	PreservedSpecimen	29c3fece-b6a9-482f-80b3-8a881d079324	Bla1
18	MHNG-MAM-14.0x4asd	2024-05-07	Animalia	Chordata	Aves	Passeriformes	Muscicapidae	Oenanthe	Oenanthe Vieillot, 1816	ex.- variegatus; attention: aucun Bradypus n’a jamais été signalé d’Argentine	South America	Brazil	Amérique du Sud	Mato Grosso	-59.0	-13.0		Campos de Júlio	br	MHNG-MAM-14.0x4asd	PreservedSpecimen	29c3fece-b6a9-482f-80b3-8a881d079324	Bla1