id,occurrenceID,aspect,coverAlgaeInPercentage,coverCryptogamsInPercentage,coverHerbsInPercentage,coverLichensInPercentage,coverLitterInPercentage,coverMossesInPercentage,coverRockInPercentage,coverShrubsInPercentage,coverTotalInPercentage,coverTreesInPercentage,coverWaterInPercentage,herbLayerHeightInCentimeters,inclinationInDegrees,lichensIdentified,mossesIdentified,project,syntaxonName,treeLayerHeightInMeters,shrubLayerHeightInMeters
1,MHNG-MAM-8.0x4asd,,,,,,,,,,,,,,,,,,,,
2,MHNG-MAM-8.0x42,,,,,,,,,,,,,,,,,,,,
3,MHNG-MAM-12.0x4asd,,,,,,,,,,,,,,,,,,,,
4,MHNG-MAM-14.0x42,,,,,,,,,,,,,,,,,,,,
5,MHNG-MAM-11.0x42,,,,,,,,,,,,,,,,,,,,
6,MHNG-MAM-12.0x42,,,,,,,,,,,,,,,,,,,,
7,MHNG-MAM-13.0x42,,,,,,,,,,,,,,,,,,,,
8,MHNG-MAM-11.0x4asd,,,,,,,,,,,,,,,,,,,,
9,MHNG-MAM-10.0x4asd,,,,,,,,,,,,,,,,,,,,
10,MHNG-MAM-9.0x4asd,,,,,,,,,,,,,,,,,,,,
11,MHNG-MAM-13.0x4asd,,,,,,,,,,,,,,,,,,,,
12,MHNG-MAM-9.0x42,,,,,,,,,,,,,,,,,,,,
13,MHNG-MAM-10.0x42,,,,,,,,,,,,,,,,,,,,
14,MHNG-MAM-16.0x42,,,,,,,,,,,,,,,,,,,,
15,MHNG-MAM-16.0x4asd,,,,,,,,,,,,,,,,,,,,
16,MHNG-MAM-15.0x42,,,,,,,,,,,,,,,,,,,,
17,MHNG-MAM-15.0x4asd,,,,,,,,,,,,,,,,,,,,
18,MHNG-MAM-14.0x4asd,,,,,,,,,,,,,,,,,,,,
