<eml:eml xmlns:eml="eml://ecoinformatics.org/eml-2.1.1" 
         xmlns:xsi="http://www.w3.org/2001/XMLSchema-instance" 
         xsi:schemaLocation="eml://ecoinformatics.org/eml-2.1.1 http://rs.gbif.org/schema/eml-gbif-profile/1.2/eml.xsd" 
         packageId="29c3fece-b6a9-482f-80b3-8a881d079324" 
         system="http://gbif.org" 
         scope="system">


<dataset>
<title>Herbarium - Herbarium of the University of Zürich</title>
<creator>
<individualName>
<givenName>Reto</givenName>
<surName>Nyffeler</surName>
</individualName>
<organizationName>Herbarium of the University of Zürich</organizationName>
<address>
<city>Zürich</city>
<country>CH</country>
</address><phone>[044] 634 84 42</phone>
<electronicMailAddress>reto.nyffeler@systbot.uzh.ch</electronicMailAddress>
</creator>
<creator>
<individualName>
<givenName>Heike</givenName>
<surName>Hofmann</surName>
</individualName><organizationName>Herbarium of the University of Zürich</organizationName>
<address>
<city>Zürich</city>
<country>CH</country>
</address>
<electronicMailAddress>heike.hofmann@systbot.uzh.ch</electronicMailAddress>
</creator>
<pubDate>2024-06-10</pubDate>
<language>ENGLISH</language>
<abstract>
<para>In 1990, the Herbarium of the Eidgenössische Technische Hochschule Zürich (ZT) and the Herbarium of the Universität Zürich (Z) were combined to work together as United Herbaria Zürich Z+ZT. Requests for material to either Z or ZT will be considered as a request to both institutions. Address given above concerns the plant collections of Z+ZT. The bryophyte collection of BERN is maintained separately.The address for the fungi and lichen collections can be found under the entry for ZT. URL of the herbarium is https://www.herbarien.uzh.ch</para>
</abstract>
  <intellectualRights>
    <para>This work is licensed under a <ulink url="http://creativecommons.org/licenses/by/4.0/legalcode"><citetitle>Creative Commons Attribution (CC-BY) 4.0 License</citetitle></ulink>.</para>
  </intellectualRights>
        <distribution>
        <online><url function="information">http://www.infoflora.ch</url>
        </online>
        </distribution>
        <maintenance>
        <description>
        <para>n/a</para>
        </description>
        <maintenanceUpdateFrequency>unkown</maintenanceUpdateFrequency>
        </maintenance><contact><individualName><givenName>Reto</givenName><surName>Nyffeler</surName></individualName><organizationName>Herbarium of the University of Zürich</organizationName><address><city>Zürich</city><country>CH</country></address><phone>[044] 634 84 42</phone><electronicMailAddress>reto.nyffeler@systbot.uzh.ch</electronicMailAddress></contact><contact><individualName><givenName>Heike</givenName><surName>Hofmann</surName></individualName><organizationName>Herbarium of the University of Zürich</organizationName><address><city>Zürich</city><country>CH</country></address><electronicMailAddress>heike.hofmann@systbot.uzh.ch</electronicMailAddress></contact></dataset></eml:eml>