<archive xmlns="http://rs.tdwg.org/dwc/text/" metadata="eml.xml">
  <core encoding="UTF-8" fieldsTerminatedBy="\t" linesTerminatedBy="\n" fieldsEnclosedBy="" ignoreHeaderLines="1" rowType="http://rs.tdwg.org/dwc/terms/Occurrence">
    <files>
      <location>occurrence.txt</location>
    </files>
    <coreid index="0" />
    <field index="1" term="http://rs.tdwg.org/dwc/terms/basisOfRecord"/>
    <field index="2" term="http://rs.tdwg.org/dwc/terms/dynamicProperties"/>
    <field index="3" term="http://rs.tdwg.org/dwc/terms/occurrenceID"/>
    <field index="4" term="http://rs.tdwg.org/dwc/terms/recordedBy"/>
    <field index="5" term="http://rs.tdwg.org/dwc/terms/sex"/>
    <field index="6" term="http://rs.tdwg.org/dwc/terms/lifeStage"/>
    <field index="7" term="http://rs.tdwg.org/dwc/terms/occurrenceStatus"/>
    <field index="8" term="http://rs.tdwg.org/dwc/terms/associatedMedia"/>
    <field index="9" term="http://rs.tdwg.org/dwc/terms/occurrenceRemarks"/>
    <field index="10" term="http://rs.tdwg.org/dwc/terms/preparations"/>
    <field index="11" term="http://rs.tdwg.org/dwc/terms/eventID"/>
    <field index="12" term="http://rs.tdwg.org/dwc/terms/identificationQualifier"/>
    <field index="13" term="http://rs.tdwg.org/dwc/terms/scientificNameID"/>
    <field index="14" term="http://rs.tdwg.org/dwc/terms/taxonConceptID"/>
    <field index="15" term="http://rs.tdwg.org/dwc/terms/scientificName"/>
    <field index="16" term="http://rs.tdwg.org/dwc/terms/acceptedNameUsage"/>
    <field index="17" term="http://rs.tdwg.org/dwc/terms/kingdom"/>
    <field index="18" term="http://rs.tdwg.org/dwc/terms/phylum"/>
    <field index="19" term="http://rs.tdwg.org/dwc/terms/class"/>
    <field index="20" term="http://rs.tdwg.org/dwc/terms/order"/>
    <field index="21" term="http://rs.tdwg.org/dwc/terms/family"/>
    <field index="22" term="http://rs.tdwg.org/dwc/terms/genus"/>
    <field index="23" term="http://rs.tdwg.org/dwc/terms/taxonRank"/>
  </core>
</archive>
