occurrenceID,eventDate,kingdom,phylum,class,order,family,genus,scientificName,specificEpithet,continent,country,verbatimLocality,stateProvince,decimalLongitude,decimalLatitude,county,municipality,countryCode,catalogNumber,basisOfRecord,datasetID,datasetName
MHNG-MAM-8.0x4asd,2024-05-07,Animalia,Chordata,Aves,Passeriformes,Muscicapidae,Oenanthe,"Oenanthe Vieillot, 1816",ex.- variegatus; attention: aucun Bradypus n’a jamais été signalé d’Argentine,South America,Brazil,Amérique du Sud,Mato Grosso,-59.0,-13.0,,Campos de Júlio,br,MHNG-MAM-8.0x4asd,PreservedSpecimen,https://doi.org/10.21373/g4fcm5,Bla1
MHNG-MAM-8.0x42,2024-05-07,Animalia,Chordata,Aves,Passeriformes,Muscicapidae,Oenanthe,"Oenanthe Vieillot, 1816",ex.- variegatus; attention: aucun Bradypus n’a jamais été signalé d’Argentine,South America,Brazil,Amérique du Sud,Mato Grosso,-59.0,-13.0,,Campos de Júlio,br,MHNG-MAM-8.0x42,PreservedSpecimen,https://doi.org/10.21373/g4fcm5,Bla1
MHNG-MAM-12.0x4asd,2024-05-07,Animalia,Chordata,Aves,Passeriformes,Muscicapidae,Oenanthe,"Oenanthe Vieillot, 1816",ex.- variegatus; attention: aucun Bradypus n’a jamais été signalé d’Argentine,South America,Brazil,Amérique du Sud,Mato Grosso,-59.0,-13.0,,Campos de Júlio,br,MHNG-MAM-12.0x4asd,PreservedSpecimen,https://doi.org/10.21373/g4fcm5,Bla1
MHNG-MAM-14.0x42,2024-05-07,Animalia,Chordata,Aves,Passeriformes,Muscicapidae,Oenanthe,"Oenanthe Vieillot, 1816",ex.- variegatus; attention: aucun Bradypus n’a jamais été signalé d’Argentine,South America,Brazil,Amérique du Sud,Mato Grosso,-59.0,-13.0,,Campos de Júlio,br,MHNG-MAM-14.0x42,PreservedSpecimen,https://doi.org/10.21373/g4fcm5,Bla1
MHNG-MAM-11.0x42,2024-05-07,Animalia,Chordata,Aves,Passeriformes,Muscicapidae,Oenanthe,"Oenanthe Vieillot, 1816",ex.- variegatus; attention: aucun Bradypus n’a jamais été signalé d’Argentine,South America,Brazil,Amérique du Sud,Mato Grosso,-59.0,-13.0,,Campos de Júlio,br,MHNG-MAM-11.0x42,PreservedSpecimen,https://doi.org/10.21373/g4fcm5,Bla1
MHNG-MAM-12.0x42,2024-05-07,Animalia,Chordata,Aves,Passeriformes,Muscicapidae,Oenanthe,"Oenanthe Vieillot, 1816",ex.- variegatus; attention: aucun Bradypus n’a jamais été signalé d’Argentine,South America,Brazil,Amérique du Sud,Mato Grosso,-59.0,-13.0,,Campos de Júlio,br,MHNG-MAM-12.0x42,PreservedSpecimen,https://doi.org/10.21373/g4fcm5,Bla1
MHNG-MAM-13.0x42,2024-05-07,Animalia,Chordata,Aves,Passeriformes,Muscicapidae,Oenanthe,"Oenanthe Vieillot, 1816",ex.- variegatus; attention: aucun Bradypus n’a jamais été signalé d’Argentine,South America,Brazil,Amérique du Sud,Mato Grosso,-59.0,-13.0,,Campos de Júlio,br,MHNG-MAM-13.0x42,PreservedSpecimen,https://doi.org/10.21373/g4fcm5,Bla1
MHNG-MAM-11.0x4asd,2024-05-07,Animalia,Chordata,Aves,Passeriformes,Muscicapidae,Oenanthe,"Oenanthe Vieillot, 1816",ex.- variegatus; attention: aucun Bradypus n’a jamais été signalé d’Argentine,South America,Brazil,Amérique du Sud,Mato Grosso,-59.0,-13.0,,Campos de Júlio,br,MHNG-MAM-11.0x4asd,PreservedSpecimen,https://doi.org/10.21373/g4fcm5,Bla1
MHNG-MAM-10.0x4asd,2024-05-07,Animalia,Chordata,Aves,Passeriformes,Muscicapidae,Oenanthe,"Oenanthe Vieillot, 1816",ex.- variegatus; attention: aucun Bradypus n’a jamais été signalé d’Argentine,South America,Brazil,Amérique du Sud,Mato Grosso,-59.0,-13.0,,Campos de Júlio,br,MHNG-MAM-10.0x4asd,PreservedSpecimen,https://doi.org/10.21373/g4fcm5,Bla1
MHNG-MAM-9.0x4asd,2024-05-07,Animalia,Chordata,Aves,Passeriformes,Muscicapidae,Oenanthe,"Oenanthe Vieillot, 1816",ex.- variegatus; attention: aucun Bradypus n’a jamais été signalé d’Argentine,South America,Brazil,Amérique du Sud,Mato Grosso,-59.0,-13.0,,Campos de Júlio,br,MHNG-MAM-9.0x4asd,PreservedSpecimen,https://doi.org/10.21373/g4fcm5,Bla1
MHNG-MAM-13.0x4asd,2024-05-07,Animalia,Chordata,Aves,Passeriformes,Muscicapidae,Oenanthe,"Oenanthe Vieillot, 1816",ex.- variegatus; attention: aucun Bradypus n’a jamais été signalé d’Argentine,South America,Brazil,Amérique du Sud,Mato Grosso,-59.0,-13.0,,Campos de Júlio,br,MHNG-MAM-13.0x4asd,PreservedSpecimen,https://doi.org/10.21373/g4fcm5,Bla1
MHNG-MAM-9.0x42,2024-05-07,Animalia,Chordata,Aves,Passeriformes,Muscicapidae,Oenanthe,"Oenanthe Vieillot, 1816",ex.- variegatus; attention: aucun Bradypus n’a jamais été signalé d’Argentine,South America,Brazil,Amérique du Sud,Mato Grosso,-59.0,-13.0,,Campos de Júlio,br,MHNG-MAM-9.0x42,PreservedSpecimen,https://doi.org/10.21373/g4fcm5,Bla1
MHNG-MAM-10.0x42,2024-05-07,Animalia,Chordata,Aves,Passeriformes,Muscicapidae,Oenanthe,"Oenanthe Vieillot, 1816",ex.- variegatus; attention: aucun Bradypus n’a jamais été signalé d’Argentine,South America,Brazil,Amérique du Sud,Mato Grosso,-59.0,-13.0,,Campos de Júlio,br,MHNG-MAM-10.0x42,PreservedSpecimen,https://doi.org/10.21373/g4fcm5,Bla1
MHNG-MAM-16.0x42,2024-05-07,Animalia,Chordata,Aves,Passeriformes,Muscicapidae,Oenanthe,"Oenanthe Vieillot, 1816",ex.- variegatus; attention: aucun Bradypus n’a jamais été signalé d’Argentine,South America,Brazil,Amérique du Sud,Mato Grosso,-59.0,-13.0,,Campos de Júlio,br,MHNG-MAM-16.0x42,PreservedSpecimen,https://doi.org/10.21373/g4fcm5,Bla1
MHNG-MAM-16.0x4asd,2024-05-07,Animalia,Chordata,Aves,Passeriformes,Muscicapidae,Oenanthe,"Oenanthe Vieillot, 1816",ex.- variegatus; attention: aucun Bradypus n’a jamais été signalé d’Argentine,South America,Brazil,Amérique du Sud,Mato Grosso,-59.0,-13.0,,Campos de Júlio,br,MHNG-MAM-16.0x4asd,PreservedSpecimen,https://doi.org/10.21373/g4fcm5,Bla1
MHNG-MAM-15.0x42,2024-05-07,Animalia,Chordata,Aves,Passeriformes,Muscicapidae,Oenanthe,"Oenanthe Vieillot, 1816",ex.- variegatus; attention: aucun Bradypus n’a jamais été signalé d’Argentine,South America,Brazil,Amérique du Sud,Mato Grosso,-59.0,-13.0,,Campos de Júlio,br,MHNG-MAM-15.0x42,PreservedSpecimen,https://doi.org/10.21373/g4fcm5,Bla1
MHNG-MAM-15.0x4asd,2024-05-07,Animalia,Chordata,Aves,Passeriformes,Muscicapidae,Oenanthe,"Oenanthe Vieillot, 1816",ex.- variegatus; attention: aucun Bradypus n’a jamais été signalé d’Argentine,South America,Brazil,Amérique du Sud,Mato Grosso,-59.0,-13.0,,Campos de Júlio,br,MHNG-MAM-15.0x4asd,PreservedSpecimen,https://doi.org/10.21373/g4fcm5,Bla1
MHNG-MAM-14.0x4asd,2024-05-07,Animalia,Chordata,Aves,Passeriformes,Muscicapidae,Oenanthe,"Oenanthe Vieillot, 1816",ex.- variegatus; attention: aucun Bradypus n’a jamais été signalé d’Argentine,South America,Brazil,Amérique du Sud,Mato Grosso,-59.0,-13.0,,Campos de Júlio,br,MHNG-MAM-14.0x4asd,PreservedSpecimen,https://doi.org/10.21373/g4fcm5,Bla1